{
  "timestamp": "2025-08-05T12:57:37.234266",
  "uptime": 1618.71198,
  "active_instances": 0,
  "failure_counts": {},
  "restart_count": 0
}