{
  "timestamp": "2025-08-05T12:51:25.075503",
  "uptime": 1246.553217,
  "active_instances": 0,
  "failure_counts": {},
  "restart_count": 0
}